filename,name,color,size,gender,category,is_new,purchase_url
Aren 노바 나일론 백팩_Multi_M 1.png,Aren 노바 나일론 백팩,Multi,M,MALE,백팩,TRUE,https://kr.mcmworldwide.com/ko_KR/%EB%82%A8%EC%84%B1/%EA%B0%80%EB%B0%A9/%EB%B0%B1%ED%8C%A9/aren-%EB%85%B8%EB%B0%94-%EB%82%98%EC%9D%BC%EB%A1%A0-%EB%B0%B1%ED%8C%A9/MMKGATA03MT001.html
Aren 노바 나일론 토트_Black_S-M 1.png,Aren 노바 나일론 토트,Black,S-M,MALE,토트백&쇼퍼백,FALSE,https://kr.mcmworldwide.com/ko_KR/%EB%82%A8%EC%84%B1/%EA%B0%80%EB%B0%A9/%ED%86%A0%ED%8A%B8%EB%B0%B1/aren-%EB%85%B8%EB%B0%94-%EB%82%98%EC%9D%BC%EB%A1%A0-%ED%86%A0%ED%8A%B8/MMTGATA03BK001.html
Aren 노바 나일론 토트_Multi_XL 1.png,https://kr.mcmworldwide.com/ko_KR/%EB%82%A8%EC%84%B1/%EA%B0%80%EB%B0%A9/%ED%86%A0%ED%8A%B8%EB%B0%B1/aren-%EB%85%B8%EB%B0%94-%EB%82%98%EC%9D%BC%EB%A1%A0-%ED%86%A0%ED%8A%B8/MMTGATA02MT001.html,Multi,XL,MALE,토트백&쇼퍼백,TRUE,https://kr.mcmworldwide.com/ko_KR/%EB%82%A8%EC%84%B1/%EA%B0%80%EB%B0%A9/%ED%86%A0%ED%8A%B8%EB%B0%B1/aren-%EB%85%B8%EB%B0%94-%EB%82%98%EC%9D%BC%EB%A1%A0-%ED%86%A0%ED%8A%B8/MMTGATA02MT001.html
Aren 노바 모노그램 ECONYL® 백팩_Black_M 1.png,Aren 노바 모노그램 ECONYL® 백팩,Black,M,MALE,백팩,TRUE,https://kr.mcmworldwide.com/ko_KR/%EB%82%A8%EC%84%B1/%EA%B0%80%EB%B0%A9/%ED%86%A0%ED%8A%B8%EB%B0%B1/aren-%EB%85%B8%EB%B0%94-%EB%82%98%EC%9D%BC%EB%A1%A0-%ED%86%A0%ED%8A%B8/MMTGATA02MT001.html
Aren 노바 모노그램 ECONYL® 위켄더_Black_22 1.png,Aren 노바 모노그램 ECONYL® 위켄더,Black,,MALE,트래블,FALSE,https://kr.mcmworldwide.com/ko_KR/%ED%8A%B8%EB%9E%98%EB%B8%94/%EB%9F%AC%EA%B8%B0%EC%A7%80-%EB%B0%B1/aren-%EB%85%B8%EB%B0%94-%EB%AA%A8%EB%85%B8%EA%B7%B8%EB%9E%A8-econyl%C2%AE-%EC%9C%84%EC%BC%84%EB%8D%94/MMVGATT06BK001.html
Aren 노바 모노그램 ECONYL® 크로스바디_Black_S 1.png,Aren 노바 모노그램 ECONYL® 크로스바디,Black,S,FEMALE,숄더백&크로스백,FALSE,https://kr.mcmworldwide.com/ko_KR/%EB%82%A8%EC%84%B1/%EA%B0%80%EB%B0%A9/%ED%81%AC%EB%A1%9C%EC%8A%A4%EB%B0%B1/aren-%EB%85%B8%EB%B0%94-%EB%AA%A8%EB%85%B8%EA%B7%B8%EB%9E%A8-econyl%C2%AE-%ED%81%AC%EB%A1%9C%EC%8A%A4%EB%B0%94%EB%94%94/MMRGATA07BK001.html
Aren 노바 모노그램 ECONYL® 토트_Black_XL 1.png,Aren 노바 모노그램 ECONYL® 토트,Black,XL,MALE,토트백&쇼퍼백,FALSE,https://kr.mcmworldwide.com/ko_KR/%EB%82%A8%EC%84%B1/%EA%B0%80%EB%B0%A9/%ED%86%A0%ED%8A%B8%EB%B0%B1/aren-%EB%85%B8%EB%B0%94-%EB%AA%A8%EB%85%B8%EA%B7%B8%EB%9E%A8-econyl%C2%AE-%ED%86%A0%ED%8A%B8/MMTGATA01BK001.html
Aren 다이아몬드 퀼팅 레더 백팩_Black_M 1.png,Aren 다이아몬드 퀼팅 레더 백팩,Black,M,MALE,백팩,TRUE,https://kr.mcmworldwide.com/ko_KR/%EB%82%A8%EC%84%B1/%EA%B0%80%EB%B0%A9/%EB%B0%B1%ED%8C%A9/aren-%EB%8B%A4%EC%9D%B4%EC%95%84%EB%AA%AC%EB%93%9C-%ED%80%BC%ED%8C%85-%EB%A0%88%EB%8D%94-%EB%B0%B1%ED%8C%A9/MMKGATA01BK001.html
Aren 다이아몬드 퀼팅 레더 크로스바디_Black_S 1.png,Aren 다이아몬드 퀼팅 레더 크로스바디,Black,S,MALE,숄더백&크로스백,TRUE,https://kr.mcmworldwide.com/ko_KR/%EB%82%A8%EC%84%B1/%EA%B0%80%EB%B0%A9/%ED%81%AC%EB%A1%9C%EC%8A%A4%EB%B0%B1/aren-%EB%8B%A4%EC%9D%B4%EC%95%84%EB%AA%AC%EB%93%9C-%ED%80%BC%ED%8C%85-%EB%A0%88%EB%8D%94-%ED%81%AC%EB%A1%9C%EC%8A%A4%EB%B0%94%EB%94%94/MMRGATA05BK001.html
Aren 맥시 모노그램 레더 E_W 숄더백_Lotus_S 1.png,Aren 맥시 모노그램 레더 E/W 숄더백,Lotus,S,FEMALE,숄더백&크로스백,TRUE,https://kr.mcmworldwide.com/ko_KR/%EC%97%AC%EC%84%B1/%ED%95%B8%EB%93%9C%EB%B0%B1/%EC%88%84%EB%8D%94%EB%B0%B1-%ED%81%AC%EB%A1%9C%EC%8A%A4%EB%B0%B1/aren-%EB%A7%A5%EC%8B%9C-%EB%AA%A8%EB%85%B8%EA%B7%B8%EB%9E%A8-%EB%A0%88%EB%8D%94-e%2Fw-%EC%88%84%EB%8D%94%EB%B0%B1/MWSGSTA01QA001.html
Aren 맥시 모노그램 레더 E_W 숄더백_Orangeade_S 1.png,Aren 맥시 모노그램 레더 E/W 숄더백,Orangeade,S,FEMALE,숄더백&크로스백,TRUE,https://kr.mcmworldwide.com/ko_KR/%EC%97%AC%EC%84%B1/%ED%95%B8%EB%93%9C%EB%B0%B1/%EC%88%84%EB%8D%94%EB%B0%B1-%ED%81%AC%EB%A1%9C%EC%8A%A4%EB%B0%B1/aren-%EB%A7%A5%EC%8B%9C-%EB%AA%A8%EB%85%B8%EA%B7%B8%EB%9E%A8-%EB%A0%88%EB%8D%94-e%2Fw-%EC%88%84%EB%8D%94%EB%B0%B1/MWSGSTA01OQ001.html
Aren 맥시 모노그램 레더 베니티 케이스_Black_Mini 1.png,Aren 맥시 모노그램 레더 베니티 케이스,Black,Mini,FEMALE,탑 핸들백,FALSE,https://kr.mcmworldwide.com/ko_KR/%EC%97%AC%EC%84%B1/%ED%95%B8%EB%93%9C%EB%B0%B1/%EC%88%84%EB%8D%94%EB%B0%B1-%ED%81%AC%EB%A1%9C%EC%8A%A4%EB%B0%B1/aren-%EB%A7%A5%EC%8B%9C-%EB%AA%A8%EB%85%B8%EA%B7%B8%EB%9E%A8-%EB%A0%88%EB%8D%94-%EB%B2%A0%EB%8B%88%ED%8B%B0-%EC%BC%80%EC%9D%B4%EC%8A%A4/MWRGSTA01BK001.html
Aren 맥시 모노그램 레더 베니티 케이스_Lotus_Mini 1.png,Aren 맥시 모노그램 레더 베니티 케이스,Lotus,Mini,FEMALE,탑 핸들백,TRUE,https://kr.mcmworldwide.com/ko_KR/%EC%97%AC%EC%84%B1/%ED%95%B8%EB%93%9C%EB%B0%B1/%EC%88%84%EB%8D%94%EB%B0%B1-%ED%81%AC%EB%A1%9C%EC%8A%A4%EB%B0%B1/aren-%EB%A7%A5%EC%8B%9C-%EB%AA%A8%EB%85%B8%EA%B7%B8%EB%9E%A8-%EB%A0%88%EB%8D%94-%EB%B2%A0%EB%8B%88%ED%8B%B0-%EC%BC%80%EC%9D%B4%EC%8A%A4/MWRGSTA01BK001.html
Aren 맥시 모노그램 레더 베니티 케이스_Orangeade_Mini 1.png,Aren 맥시 모노그램 레더 베니티 케이스,Orangeade,Mini,FEMALE,탑 핸들백,FALSE,https://kr.mcmworldwide.com/ko_KR/%EC%97%AC%EC%84%B1/%ED%95%B8%EB%93%9C%EB%B0%B1/%EC%88%84%EB%8D%94%EB%B0%B1-%ED%81%AC%EB%A1%9C%EC%8A%A4%EB%B0%B1/aren-%EB%A7%A5%EC%8B%9C-%EB%AA%A8%EB%85%B8%EA%B7%B8%EB%9E%A8-%EB%A0%88%EB%8D%94-%EB%B2%A0%EB%8B%88%ED%8B%B0-%EC%BC%80%EC%9D%B4%EC%8A%A4/MWRGSTA01OQ001.html
Aren 비세토스 E_W 숄더백_Beige+Black_S 1.png,Aren 비세토스 E/W 숄더백,Beige+Black,S,FEMALE,숄더백&크로스백,TRUE,https://kr.mcmworldwide.com/ko_KR/%EC%97%AC%EC%84%B1/%ED%95%B8%EB%93%9C%EB%B0%B1/%EC%88%84%EB%8D%94%EB%B0%B1-%ED%81%AC%EB%A1%9C%EC%8A%A4%EB%B0%B1/aren-%EB%B9%84%EC%84%B8%ED%86%A0%EC%8A%A4-e%2Fw-%EC%88%84%EB%8D%94%EB%B0%B1/MWSGATA01I8001.html
Aren 비세토스 E_W 숄더백_cognac_S 1.png,Aren 비세토스 E/W 숄더백,cognac,S,FEMALE,숄더백&크로스백,FALSE,https://kr.mcmworldwide.com/ko_KR/%EC%97%AC%EC%84%B1/%ED%95%B8%EB%93%9C%EB%B0%B1/%EC%88%84%EB%8D%94%EB%B0%B1-%ED%81%AC%EB%A1%9C%EC%8A%A4%EB%B0%B1/aren-%EB%B9%84%EC%84%B8%ED%86%A0%EC%8A%A4-e%2Fw-%EC%88%84%EB%8D%94%EB%B0%B1/MWSGSTA02CO001.html
Aren 비세토스 드로우스트링 백팩_Beige+Black_Mini 1.png,Aren 비세토스 드로우스트링 백팩,Beige,Mini,FEMALE,백팩,TRUE,https://kr.mcmworldwide.com/ko_KR/%EC%97%AC%EC%84%B1/%ED%95%B8%EB%93%9C%EB%B0%B1/%EB%B0%B1%ED%8C%A9-%EB%B2%A8%ED%8A%B8%EB%B0%B1/aren-%EB%B9%84%EC%84%B8%ED%86%A0%EC%8A%A4-%EB%93%9C%EB%A1%9C%EC%9A%B0%EC%8A%A4%ED%8A%B8%EB%A7%81-%EB%B0%B1%ED%8C%A9/MWKGATA02I8001.html
Aren 비세토스 드로우스트링 백팩_Cognac_Mini 1.png,Aren 비세토스 드로우스트링 백팩,Cognac,Mini,FEMALE,백팩,FALSE,https://kr.mcmworldwide.com/ko_KR/%EC%97%AC%EC%84%B1/%ED%95%B8%EB%93%9C%EB%B0%B1/%EB%B0%B1%ED%8C%A9-%EB%B2%A8%ED%8A%B8%EB%B0%B1/aren-%EB%B9%84%EC%84%B8%ED%86%A0%EC%8A%A4-%EB%93%9C%EB%A1%9C%EC%9A%B0%EC%8A%A4%ED%8A%B8%EB%A7%81-%EB%B0%B1%ED%8C%A9/MWKFATA02CO001.html
Aren 비세토스 드로우스트링 백팩_Soft Pink_Mini 1.png,Aren 비세토스 드로우스트링 백팩,Soft Pink,Mini,FEMALE,백팩,FALSE,https://kr.mcmworldwide.com/ko_KR/%EC%97%AC%EC%84%B1/%ED%95%B8%EB%93%9C%EB%B0%B1/%EB%B0%B1%ED%8C%A9-%EB%B2%A8%ED%8A%B8%EB%B0%B1/aren-%EB%B9%84%EC%84%B8%ED%86%A0%EC%8A%A4-%EB%93%9C%EB%A1%9C%EC%9A%B0%EC%8A%A4%ED%8A%B8%EB%A7%81-%EB%B0%B1%ED%8C%A9/MWKFATA02PZ001.html
Aren 비세토스 레더 믹스 베니티 케이스_Black_S 1.png,Aren 비세토스 레더 믹스 베니티 케이스,Black,S,FEMALE,탑 핸들백,TRUE,https://kr.mcmworldwide.com/ko_KR/%EC%97%AC%EC%84%B1/%ED%95%B8%EB%93%9C%EB%B0%B1/%EC%88%84%EB%8D%94%EB%B0%B1-%ED%81%AC%EB%A1%9C%EC%8A%A4%EB%B0%B1/aren-%EB%B9%84%EC%84%B8%ED%86%A0%EC%8A%A4-%EB%A0%88%EB%8D%94-%EB%AF%B9%EC%8A%A4-%EB%B2%A0%EB%8B%88%ED%8B%B0-%EC%BC%80%EC%9D%B4%EC%8A%A4/MWRGATA05BK001.html
Aren 비세토스 레더 믹스 베니티 케이스_Cognac_S 1.png,Aren 비세토스 레더 믹스 베니티 케이스,Cognac,S,FEMALE,탑 핸들백,TRUE,https://kr.mcmworldwide.com/ko_KR/%EC%97%AC%EC%84%B1/%ED%95%B8%EB%93%9C%EB%B0%B1/%EC%88%84%EB%8D%94%EB%B0%B1-%ED%81%AC%EB%A1%9C%EC%8A%A4%EB%B0%B1/aren-%EB%B9%84%EC%84%B8%ED%86%A0%EC%8A%A4-%EB%A0%88%EB%8D%94-%EB%AF%B9%EC%8A%A4-%EB%B2%A0%EB%8B%88%ED%8B%B0-%EC%BC%80%EC%9D%B4%EC%8A%A4/MWRGATA05BK001.html
Aren 비세토스 스쿨 토트_Black_S 1.png,Aren 비세토스 스쿨 토트,Black,S,FEMALE,토트백&쇼퍼백,TRUE,https://kr.mcmworldwide.com/ko_KR/%EC%97%AC%EC%84%B1/%ED%95%B8%EB%93%9C%EB%B0%B1/%EC%88%84%EB%8D%94%EB%B0%B1-%ED%81%AC%EB%A1%9C%EC%8A%A4%EB%B0%B1/aren-%EB%B9%84%EC%84%B8%ED%86%A0%EC%8A%A4-%EB%A0%88%EB%8D%94-%EB%AF%B9%EC%8A%A4-%EB%B2%A0%EB%8B%88%ED%8B%B0-%EC%BC%80%EC%9D%B4%EC%8A%A4/MWRGATA05BK001.html
Aren 비세토스 스쿨 토트_Cinnamon_S 1.png,Aren 비세토스 스쿨 토트,Cinnamon,S,FEMALE,토트백&쇼퍼백,TRUE,https://kr.mcmworldwide.com/ko_KR/%EC%97%AC%EC%84%B1/%ED%95%B8%EB%93%9C%EB%B0%B1/%EC%87%BC%ED%8D%BC-%ED%86%A0%ED%8A%B8%EB%B0%B1/aren-%EB%B9%84%EC%84%B8%ED%86%A0%EC%8A%A4-%EC%8A%A4%EC%BF%A8-%ED%86%A0%ED%8A%B8/MWTFATA02CO001.html
Aren 비세토스 스쿨 토트_Cognac_M 1.png,Aren 비세토스 스쿨 토트,Cognac,L,FEMALE,토트백&쇼퍼백,FALSE,https://kr.mcmworldwide.com/ko_KR/%EC%97%AC%EC%84%B1/%ED%95%B8%EB%93%9C%EB%B0%B1/%EC%87%BC%ED%8D%BC-%ED%86%A0%ED%8A%B8%EB%B0%B1/aren-%EB%B9%84%EC%84%B8%ED%86%A0%EC%8A%A4-%EC%8A%A4%EC%BF%A8-%ED%86%A0%ED%8A%B8/MWTFATA02CO001.html
Aren 비세토스 스쿨 토트_Cognac_S 1.png,Aren 비세토스 스쿨 토트,Cognac,S,FEMALE,토트백&쇼퍼백,FALSE,https://kr.mcmworldwide.com/ko_KR/%EC%97%AC%EC%84%B1/%ED%95%B8%EB%93%9C%EB%B0%B1/%EC%87%BC%ED%8D%BC-%ED%86%A0%ED%8A%B8%EB%B0%B1/aren-%EB%B9%84%EC%84%B8%ED%86%A0%EC%8A%A4-%EC%8A%A4%EC%BF%A8-%ED%86%A0%ED%8A%B8/MWTFATA02CO001.html
Aren 비세토스 스쿨 토트_Soft Pink_S 1.png,Aren 비세토스 스쿨 토트,Soft Pink,S,FEMALE,토트백&쇼퍼백,FALSE,https://kr.mcmworldwide.com/ko_KR/%EC%97%AC%EC%84%B1/%ED%95%B8%EB%93%9C%EB%B0%B1/%EC%87%BC%ED%8D%BC-%ED%86%A0%ED%8A%B8%EB%B0%B1/aren-%EB%B9%84%EC%84%B8%ED%86%A0%EC%8A%A4-%EC%8A%A4%EC%BF%A8-%ED%86%A0%ED%8A%B8/MWTFATA02CO001.html
Aren 비세토스 슬링백_Khaki Moss_Mini 1.png,Aren 비세토스 슬링백,Khaki Moss,Mini,MALE,숄더백&크로스백,TRUE,https://kr.mcmworldwide.com/ko_KR/%EB%82%A8%EC%84%B1/%EA%B0%80%EB%B0%A9/%EB%B0%B1%ED%8C%A9/aren-%EB%B9%84%EC%84%B8%ED%86%A0%EC%8A%A4-%EC%8A%AC%EB%A7%81%EB%B0%B1/MMLGATA05K8001.html
Aren 비세토스 트라이엥글 크로스바디_Cognac_Mini 1.png,Aren 비세토스 트라이엥글 크로스바디,Cognac,Mini,FEMALE,숄더백&크로스백,TRUE,https://kr.mcmworldwide.com/ko_KR/%EC%97%AC%EC%84%B1/%ED%95%B8%EB%93%9C%EB%B0%B1/%ED%81%B4%EB%9F%AC%EC%B9%98-%ED%8C%8C%EC%9A%B0%EC%B9%98/aren-%EB%B9%84%EC%84%B8%ED%86%A0%EC%8A%A4-%ED%8A%B8%EB%9D%BC%EC%9D%B4%EC%97%A5%EA%B8%80-%ED%81%AC%EB%A1%9C%EC%8A%A4%EB%B0%94%EB%94%94/MYZGATA05CO001.html
Aren 비세토스 E_W 숄더백_Soft Pink_S 1.png,Aren 비세토스 E/W 숄더백,Soft Pink,S,FEMALE,숄더백&크로스백,TRUE,https://kr.mcmworldwide.com/ko_KR/%EC%97%AC%EC%84%B1/%ED%95%B8%EB%93%9C%EB%B0%B1/%EC%88%84%EB%8D%94%EB%B0%B1-%ED%81%AC%EB%A1%9C%EC%8A%A4%EB%B0%B1/aren-%EB%B9%84%EC%84%B8%ED%86%A0%EC%8A%A4-e%2Fw-%EC%88%84%EB%8D%94%EB%B0%B1/MWSGATA01PZ001.html
Dessau 비세토스 드로우스트링 백_Black_M 1.png,Dessau 비세토스 드로우스트링 백,Black,M,FEMALE,숄더백&크로스백,TRUE,https://kr.mcmworldwide.com/ko_KR/%EC%97%AC%EC%84%B1/%ED%95%B8%EB%93%9C%EB%B0%B1/%EC%88%84%EB%8D%94%EB%B0%B1-%ED%81%AC%EB%A1%9C%EC%8A%A4%EB%B0%B1/dessau-%EB%B9%84%EC%84%B8%ED%86%A0%EC%8A%A4-%EB%93%9C%EB%A1%9C%EC%9A%B0%EC%8A%A4%ED%8A%B8%EB%A7%81-%EB%B0%B1/MWDGADU02BK001.html
Dessau 비세토스 드로우스트링 백_Cognac_M 1.png,Dessau 비세토스 드로우스트링 백,Cognac,M,FEMALE,숄더백&크로스백,FALSE,https://kr.mcmworldwide.com/ko_KR/%EC%97%AC%EC%84%B1/%ED%95%B8%EB%93%9C%EB%B0%B1/%EC%88%84%EB%8D%94%EB%B0%B1-%ED%81%AC%EB%A1%9C%EC%8A%A4%EB%B0%B1/dessau-%EB%B9%84%EC%84%B8%ED%86%A0%EC%8A%A4-%EB%93%9C%EB%A1%9C%EC%9A%B0%EC%8A%A4%ED%8A%B8%EB%A7%81-%EB%B0%B1/MWDGADU02BK001.html
Dessau 비세토스 드로우스트링 백_Cognac_Mini 1.png,Dessau 비세토스 드로우스트링 백,Cognac,Mini,FEMALE,숄더백&크로스백,TRUE,https://kr.mcmworldwide.com/ko_KR/%EC%97%AC%EC%84%B1/%ED%95%B8%EB%93%9C%EB%B0%B1/%EC%88%84%EB%8D%94%EB%B0%B1-%ED%81%AC%EB%A1%9C%EC%8A%A4%EB%B0%B1/dessau-%EB%B9%84%EC%84%B8%ED%86%A0%EC%8A%A4-%EB%93%9C%EB%A1%9C%EC%9A%B0%EC%8A%A4%ED%8A%B8%EB%A7%81-%EB%B0%B1/MWDGADU01CO001.html
Dessau 비세토스 드로우스트링 백_Cognac_XL 1.png,Aren Zip Hobo in Visetos,Cognac,XL,FEMALE,숄더백&크로스백,TRUE,https://kr.mcmworldwide.com/ko_KR/%EA%B0%80%EB%B0%A9/%EB%AA%A8%EB%91%90%EB%B3%B4%EA%B8%B0/aren-zip-hobo-in-visetos/MMHGATA01CO001.html?cgid=bags-all-bags
Dessau 비세토스 드로우스트링 백_White_M 1.png,Dessau 비세토스 드로우스트링 백,White,M,FEMALE,숄더백&크로스백,TRUE,https://kr.mcmworldwide.com/ko_KR/%EC%97%AC%EC%84%B1/%ED%95%B8%EB%93%9C%EB%B0%B1/%EC%88%84%EB%8D%94%EB%B0%B1-%ED%81%AC%EB%A1%9C%EC%8A%A4%EB%B0%B1/dessau-%EB%B9%84%EC%84%B8%ED%86%A0%EC%8A%A4-%EB%93%9C%EB%A1%9C%EC%9A%B0%EC%8A%A4%ED%8A%B8%EB%A7%81-%EB%B0%B1/MWDGADU02WT001.html
Dia 카프스킨 쇼퍼_Black_XL 1.png,Dia 카프스킨 쇼퍼,Black,XL,FEMALE,토트백&쇼퍼백,TRUE,https://kr.mcmworldwide.com/ko_KR/%EB%82%A8%EC%84%B1/%EA%B0%80%EB%B0%A9/%ED%86%A0%ED%8A%B8%EB%B0%B1/dia-%EC%B9%B4%ED%94%84%EC%8A%A4%ED%82%A8-%EC%87%BC%ED%8D%BC/MMPGADC01BK001.html
Diamant 3D 다이아몬드 자카드 숄더백_Black_S 1.png,New Liz 엠보스드 모노그램 레더 쇼퍼,Black,S,FEMALE,숄더백&크로스백,TRUE,https://kr.mcmworldwide.com/ko_KR/%EA%B0%80%EB%B0%A9/%EB%AA%A8%EB%91%90%EB%B3%B4%EA%B8%B0/new-liz-%EC%97%A0%EB%B3%B4%EC%8A%A4%EB%93%9C-%EB%AA%A8%EB%85%B8%EA%B7%B8%EB%9E%A8-%EB%A0%88%EB%8D%94-%EC%87%BC%ED%8D%BC/MWPGALR02BK001.html?cgid=bags-all-bags
Diamant 3D 다이아몬드 자카드 숄더백_Multi_M 1.png,Diamant 3D 다이아몬드 자카드 숄더백,Multi,M,FEMALE,숄더백&크로스백,TRUE,https://kr.mcmworldwide.com/ko_KR/%EC%97%AC%EC%84%B1/%ED%95%B8%EB%93%9C%EB%B0%B1/%EC%88%84%EB%8D%94%EB%B0%B1-%ED%81%AC%EB%A1%9C%EC%8A%A4%EB%B0%B1/diamant-3d-%EB%8B%A4%EC%9D%B4%EC%95%84%EB%AA%AC%EB%93%9C-%EC%9E%90%EC%B9%B4%EB%93%9C-%EC%88%84%EB%8D%94%EB%B0%B1/MWSGAAK02MT001.html
MCM X We The Best Ottomar 비세토스 위켄더 백_Cognac_19.9 1.png,MCM X We The Best Ottomar 비세토스 위켄더 백,Cognac,19,MALE,트래블,FALSE,https://kr.mcmworldwide.com/ko_KR/%ED%8A%B8%EB%9E%98%EB%B8%94/%EB%9F%AC%EA%B8%B0%EC%A7%80-%EB%B0%B1/mcm-x-we-the-best-ottomar-%EB%B9%84%EC%84%B8%ED%86%A0%EC%8A%A4-%EC%9C%84%EC%BC%84%EB%8D%94-%EB%B0%B1/MMVGATT08CO001.html
MCM X We The Best Stark 비세토스 백팩_Cognac_M 1.png,MCM X We The Best Stark 비세토스 백팩,Cognac,M,FEMALE,백팩,https://kr.mcmworldwide.com/ko_KR/%EB%82%A8%EC%84%B1/%EA%B0%80%EB%B0%A9/%EB%B0%B1%ED%8C%A9/mcm-x-we-the-best-stark-%EB%B9%84%EC%84%B8%ED%86%A0%EC%8A%A4-%EB%B0%B1%ED%8C%A9/MMKGAVE09CO001.html,
München 다이아몬드 자카드 토트_Multi_L 1.png,München 다이아몬드 자카드 토트,Multi,L,MALE,토트백&쇼퍼백,TRUE,https://kr.mcmworldwide.com/ko_KR/%EC%97%AC%EC%84%B1/%ED%95%B8%EB%93%9C%EB%B0%B1/%EC%87%BC%ED%8D%BC-%ED%86%A0%ED%8A%B8%EB%B0%B1/m%C3%BCnchen-%EB%8B%A4%EC%9D%B4%EC%95%84%EB%AA%AC%EB%93%9C-%EC%9E%90%EC%B9%B4%EB%93%9C-%ED%86%A0%ED%8A%B8/MWTGABO01MT001.html
New Liz 비세토스 쇼퍼_Beige+Black_M 1.png,New Liz 비세토스 쇼퍼,Beige+Black,M,FEMALE,토트백&쇼퍼백,TRUE,https://kr.mcmworldwide.com/ko_KR/%EC%97%AC%EC%84%B1/%ED%95%B8%EB%93%9C%EB%B0%B1/%EC%87%BC%ED%8D%BC-%ED%86%A0%ED%8A%B8%EB%B0%B1/new-liz-%EB%B9%84%EC%84%B8%ED%86%A0%EC%8A%A4-%EC%87%BC%ED%8D%BC/MWPGSLR02I8001.html
New Liz 비세토스 쇼퍼_Black_M 1.png,New Liz 비세토스 쇼퍼,Black,M,FEMALE,토트백&쇼퍼백,TRUE,https://kr.mcmworldwide.com/ko_KR/%EC%97%AC%EC%84%B1/%ED%95%B8%EB%93%9C%EB%B0%B1/%EC%87%BC%ED%8D%BC-%ED%86%A0%ED%8A%B8%EB%B0%B1/new-liz-%EB%B9%84%EC%84%B8%ED%86%A0%EC%8A%A4-%EC%87%BC%ED%8D%BC/MWPGSLR02I8001.html
New Liz 비세토스 쇼퍼_Cinnamon_M 1.png,New Liz 비세토스 쇼퍼,Cinnamon,M,FEMALE,토트백&쇼퍼백,TRUE,https://kr.mcmworldwide.com/ko_KR/%EC%97%AC%EC%84%B1/%ED%95%B8%EB%93%9C%EB%B0%B1/%EC%87%BC%ED%8D%BC-%ED%86%A0%ED%8A%B8%EB%B0%B1/new-liz-%EB%B9%84%EC%84%B8%ED%86%A0%EC%8A%A4-%EC%87%BC%ED%8D%BC/MWPGSLR02I8001.html
New Liz 비세토스 쇼퍼_Cognac_M 1.png,New Liz 비세토스 쇼퍼,Cognac,M,FEMALE,토트백&쇼퍼백,TRUE,https://kr.mcmworldwide.com/ko_KR/%EC%97%AC%EC%84%B1/%ED%95%B8%EB%93%9C%EB%B0%B1/%EC%87%BC%ED%8D%BC-%ED%86%A0%ED%8A%B8%EB%B0%B1/new-liz-%EB%B9%84%EC%84%B8%ED%86%A0%EC%8A%A4-%EC%87%BC%ED%8D%BC/MWPGSLR02I8001.html
New Liz 비세토스 쇼퍼_Soft Pink_M 1.png,New Liz 비세토스 쇼퍼,Soft Pink,M,FEMALE,토트백&쇼퍼백,TRUE,https://kr.mcmworldwide.com/ko_KR/%EC%97%AC%EC%84%B1/%ED%95%B8%EB%93%9C%EB%B0%B1/%EC%87%BC%ED%8D%BC-%ED%86%A0%ED%8A%B8%EB%B0%B1/new-liz-%EB%B9%84%EC%84%B8%ED%86%A0%EC%8A%A4-%EC%87%BC%ED%8D%BC/MWPGSLR02I8001.html
New Liz 엠보스드 모노그램 레더 쇼퍼_Black_M 1.png,New Liz 엠보스드 모노그램 레더 쇼퍼,Black,M,FEMALE,토트백&쇼퍼백,TRUE,https://kr.mcmworldwide.com/ko_KR/%EC%97%AC%EC%84%B1/%ED%95%B8%EB%93%9C%EB%B0%B1/%EC%87%BC%ED%8D%BC-%ED%86%A0%ED%8A%B8%EB%B0%B1/new-liz-%EC%97%A0%EB%B3%B4%EC%8A%A4%EB%93%9C-%EB%AA%A8%EB%85%B8%EA%B7%B8%EB%9E%A8-%EB%A0%88%EB%8D%94-%EC%87%BC%ED%8D%BC/MWPGALR01BK001.html
Ottomar 다이아몬드 퀼팅 레더 위켄더_Black_22 1.png,Ottomar 다이아몬드 퀼팅 레더 위켄더,Black,,FEMALE,트래블,TRUE,https://kr.mcmworldwide.com/ko_KR/%ED%8A%B8%EB%9E%98%EB%B8%94/%EB%9F%AC%EA%B8%B0%EC%A7%80-%EB%B0%B1/ottomar-%EB%8B%A4%EC%9D%B4%EC%95%84%EB%AA%AC%EB%93%9C-%ED%80%BC%ED%8C%85-%EB%A0%88%EB%8D%94-%EC%9C%84%EC%BC%84%EB%8D%94/MMVGATT04BK001.html
Ottomar 디스코 비세토스 위켄더_Cognac_19.9 1.png,Ottomar 디스코 비세토스 위켄더,Cognac,19,MALE,트래블,TRUE,https://kr.mcmworldwide.com/ko_KR/%ED%8A%B8%EB%9E%98%EB%B8%94/%EB%9F%AC%EA%B8%B0%EC%A7%80-%EB%B0%B1/ottomar-%EB%94%94%EC%8A%A4%EC%BD%94-%EB%B9%84%EC%84%B8%ED%86%A0%EC%8A%A4-%EC%9C%84%EC%BC%84%EB%8D%94/MMVGATT03CO001.html
Ottomar 비세토스 위켄더_Khaki Moss_22 1.png,Ottomar 비세토스 위켄더,Khaki Moss,,MALE,트래블,TRUE,https://kr.mcmworldwide.com/ko_KR/%ED%8A%B8%EB%9E%98%EB%B8%94/%EB%9F%AC%EA%B8%B0%EC%A7%80-%EB%B0%B1/ottomar-%EB%B9%84%EC%84%B8%ED%86%A0%EC%8A%A4-%EC%9C%84%EC%BC%84%EB%8D%94/MMVGATT07K8001.html
Pina 비세토스 스터드 장식 토트_Cognac_L 1.png,Pina 비세토스 스터드 장식 토트,Cognac,L,FEMALE,토트백&쇼퍼백,TRUE,https://kr.mcmworldwide.com/ko_KR/%EC%97%AC%EC%84%B1/%ED%95%B8%EB%93%9C%EB%B0%B1/%EC%87%BC%ED%8D%BC-%ED%86%A0%ED%8A%B8%EB%B0%B1/pina-%EB%B9%84%EC%84%B8%ED%86%A0%EC%8A%A4-%EC%8A%A4%ED%84%B0%EB%93%9C-%EC%9E%A5%EC%8B%9D-%ED%86%A0%ED%8A%B8/MWTGATA01CO001.html
Pina 비세토스 스터드 장식 토트_Cognac_M 1.png,Pina 비세토스 스터드 장식 토트,Cognac,M,FEMALE,토트백&쇼퍼백,TRUE,https://kr.mcmworldwide.com/ko_KR/%EC%97%AC%EC%84%B1/%ED%95%B8%EB%93%9C%EB%B0%B1/%EC%87%BC%ED%8D%BC-%ED%86%A0%ED%8A%B8%EB%B0%B1/pina-%EB%B9%84%EC%84%B8%ED%86%A0%EC%8A%A4-%EC%8A%A4%ED%84%B0%EB%93%9C-%EC%9E%A5%EC%8B%9D-%ED%86%A0%ED%8A%B8/MWTGATA02CO001.html
Pina 비세토스 탬버린 백_Cognac_S 1.png,Pina 비세토스 탬버린 백,Cognac,S,FEMALE,숄더백&크로스백,TRUE,https://kr.mcmworldwide.com/ko_KR/%EC%97%AC%EC%84%B1/%ED%95%B8%EB%93%9C%EB%B0%B1/%EC%88%84%EB%8D%94%EB%B0%B1-%ED%81%AC%EB%A1%9C%EC%8A%A4%EB%B0%B1/pina-%EB%B9%84%EC%84%B8%ED%86%A0%EC%8A%A4-%ED%83%AC%EB%B2%84%EB%A6%B0-%EB%B0%B1-/MWRGAOB01CO001.html
Pina 스터드 장식 카프스킨 드로우스트링 백_Black_Mini 1.png,Pina 스터드 장식 카프스킨 드로우스트링 백,Black,Mini,FEMALE,숄더백&크로스백,TRUE,https://kr.mcmworldwide.com/ko_KR/%EC%97%AC%EC%84%B1/%ED%95%B8%EB%93%9C%EB%B0%B1/%EC%88%84%EB%8D%94%EB%B0%B1-%ED%81%AC%EB%A1%9C%EC%8A%A4%EB%B0%B1/pina-%EC%8A%A4%ED%84%B0%EB%93%9C-%EC%9E%A5%EC%8B%9D-%EC%B9%B4%ED%94%84%EC%8A%A4%ED%82%A8-%EB%93%9C%EB%A1%9C%EC%9A%B0%EC%8A%A4%ED%8A%B8%EB%A7%81-%EB%B0%B1/MWDGADU03BK001.html
Pina 스터드 장식 카프스킨 드로우스트링 백팩_Black_Mini 1.png,Pina 스터드 장식 카프스킨 드로우스트링 백팩,Black,Mini,FEMALE,백팩,TRUE,https://kr.mcmworldwide.com/ko_KR/%EC%97%AC%EC%84%B1/%ED%95%B8%EB%93%9C%EB%B0%B1/%EB%B0%B1%ED%8C%A9-%EB%B2%A8%ED%8A%B8%EB%B0%B1/pina-%EC%8A%A4%ED%84%B0%EB%93%9C-%EC%9E%A5%EC%8B%9D-%EC%B9%B4%ED%94%84%EC%8A%A4%ED%82%A8-%EB%93%9C%EB%A1%9C%EC%9A%B0%EC%8A%A4%ED%8A%B8%EB%A7%81-%EB%B0%B1%ED%8C%A9/MWKGATA01BK001.html
Pina 스터드 장식 카프스킨 베니티 케이스_Black_Mini 1.png,Pina 스터드 장식 카프스킨 베니티 케이스,Black,Mini,FEMALE,탑 핸들백,TRUE,https://kr.mcmworldwide.com/ko_KR/%EC%97%AC%EC%84%B1/%ED%95%B8%EB%93%9C%EB%B0%B1/%EC%88%84%EB%8D%94%EB%B0%B1-%ED%81%AC%EB%A1%9C%EC%8A%A4%EB%B0%B1/pina-%EC%8A%A4%ED%84%B0%EB%93%9C-%EC%9E%A5%EC%8B%9D-%EC%B9%B4%ED%94%84%EC%8A%A4%ED%82%A8-%EB%B2%A0%EB%8B%88%ED%8B%B0-%EC%BC%80%EC%9D%B4%EC%8A%A4/MWRGATA01BK001.html
Pina 스터드 장식 카프스킨 탬버린 백_Black_S 1.png,Pina 스터드 장식 카프스킨 탬버린 백,Black,S,FEMALE,숄더백&크로스백,TRUE,https://kr.mcmworldwide.com/ko_KR/%EC%97%AC%EC%84%B1/%ED%95%B8%EB%93%9C%EB%B0%B1/%EC%88%84%EB%8D%94%EB%B0%B1-%ED%81%AC%EB%A1%9C%EC%8A%A4%EB%B0%B1/pina-%EC%8A%A4%ED%84%B0%EB%93%9C-%EC%9E%A5%EC%8B%9D-%EC%B9%B4%ED%94%84%EC%8A%A4%ED%82%A8-%ED%83%AC%EB%B2%84%EB%A6%B0-%EB%B0%B1/MWRGAOB03BK001.html
Stark 디스코 비세토스 백팩_Cognac_M 1.png,Stark 디스코 비세토스 백팩,Cognac,M,MALE,백팩,TRUE,https://kr.mcmworldwide.com/ko_KR/%EB%82%A8%EC%84%B1/%EA%B0%80%EB%B0%A9/%EB%B0%B1%ED%8C%A9/stark-%EB%94%94%EC%8A%A4%EC%BD%94-%EB%B9%84%EC%84%B8%ED%86%A0%EC%8A%A4-%EB%B0%B1%ED%8C%A9/MMKGAVE02CO001.html
Toni 디스코 비세토스 탑 지퍼 쇼퍼_Cognac_M 1.png,Toni 디스코 비세토스 탑 지퍼 쇼퍼,Cognac,M,FEMALE,토트백&쇼퍼백,TRUE,https://kr.mcmworldwide.com/ko_KR/%EC%97%AC%EC%84%B1/%ED%95%B8%EB%93%9C%EB%B0%B1/%EC%87%BC%ED%8D%BC-%ED%86%A0%ED%8A%B8%EB%B0%B1/toni-%EB%94%94%EC%8A%A4%EC%BD%94-%EB%B9%84%EC%84%B8%ED%86%A0%EC%8A%A4-%ED%83%91-%EC%A7%80%ED%8D%BC-%EC%87%BC%ED%8D%BC/MWPGAMT01CO001.html
Toni 비세토스 탑 지퍼 쇼퍼_Beige+Black_Mini 1.png,Toni 비세토스 탑 지퍼 쇼퍼,Beige+Black,Mini,FEMALE,토트백&쇼퍼백,FALSE,https://kr.mcmworldwide.com/ko_KR/%EC%97%AC%EC%84%B1/%ED%95%B8%EB%93%9C%EB%B0%B1/%EC%87%BC%ED%8D%BC-%ED%86%A0%ED%8A%B8%EB%B0%B1/toni-%EB%B9%84%EC%84%B8%ED%86%A0%EC%8A%A4-%ED%83%91-%EC%A7%80%ED%8D%BC-%EC%87%BC%ED%8D%BC/MWPGSMT024B001.html
Toni 비세토스 탑 지퍼 쇼퍼_Black_Mini 1.png,Toni 비세토스 탑 지퍼 쇼퍼,Black,Mini,FEMALE,토트백&쇼퍼백,FALSE,https://kr.mcmworldwide.com/ko_KR/%EC%97%AC%EC%84%B1/%ED%95%B8%EB%93%9C%EB%B0%B1/%EC%87%BC%ED%8D%BC-%ED%86%A0%ED%8A%B8%EB%B0%B1/toni-%EB%B9%84%EC%84%B8%ED%86%A0%EC%8A%A4-%ED%83%91-%EC%A7%80%ED%8D%BC-%EC%87%BC%ED%8D%BC/MWPGSMT024B001.html
Toni 비세토스 탑 지퍼 쇼퍼_Cinnamon_Mini 1.png,Toni 비세토스 탑 지퍼 쇼퍼,Cinnamon,Mini,FEMALE,토트백&쇼퍼백,TRUE,https://kr.mcmworldwide.com/ko_KR/%EC%97%AC%EC%84%B1/%ED%95%B8%EB%93%9C%EB%B0%B1/%EC%87%BC%ED%8D%BC-%ED%86%A0%ED%8A%B8%EB%B0%B1/toni-%EB%B9%84%EC%84%B8%ED%86%A0%EC%8A%A4-%ED%83%91-%EC%A7%80%ED%8D%BC-%EC%87%BC%ED%8D%BC/MWPGSMT024B001.html
Toni 비세토스 탑 지퍼 쇼퍼_Cognac_Mini 1.png,Toni 비세토스 탑 지퍼 쇼퍼,Cognac,Mini,FEMALE,토트백&쇼퍼백,TRUE,https://kr.mcmworldwide.com/ko_KR/%EC%97%AC%EC%84%B1/%ED%95%B8%EB%93%9C%EB%B0%B1/%EC%87%BC%ED%8D%BC-%ED%86%A0%ED%8A%B8%EB%B0%B1/toni-%EB%B9%84%EC%84%B8%ED%86%A0%EC%8A%A4-%ED%83%91-%EC%A7%80%ED%8D%BC-%EC%87%BC%ED%8D%BC/MWPGSMT024B001.html
Toni 비세토스 탑 지퍼 쇼퍼_Khaki Moss_Mini 1.png,Toni 비세토스 탑 지퍼 쇼퍼,Khaki Moss,Mini,FEMALE,토트백&쇼퍼백,FALSE,https://kr.mcmworldwide.com/ko_KR/%EC%97%AC%EC%84%B1/%ED%95%B8%EB%93%9C%EB%B0%B1/%EC%87%BC%ED%8D%BC-%ED%86%A0%ED%8A%B8%EB%B0%B1/toni-%EB%B9%84%EC%84%B8%ED%86%A0%EC%8A%A4-%ED%83%91-%EC%A7%80%ED%8D%BC-%EC%87%BC%ED%8D%BC/MWPGSMT024B001.html
Toni 비세토스 탑 지퍼 쇼퍼_Soft Pink_Mini 1.png,Toni 비세토스 탑 지퍼 쇼퍼,Soft Pink,Mini,FEMALE,토트백&쇼퍼백,FALSE,https://kr.mcmworldwide.com/ko_KR/%EC%97%AC%EC%84%B1/%ED%95%B8%EB%93%9C%EB%B0%B1/%EC%87%BC%ED%8D%BC-%ED%86%A0%ED%8A%B8%EB%B0%B1/toni-%EB%B9%84%EC%84%B8%ED%86%A0%EC%8A%A4-%ED%83%91-%EC%A7%80%ED%8D%BC-%EC%87%BC%ED%8D%BC/MWPGSMT024B001.html
Toni 비세토스 탑 지퍼 쇼퍼_White_Mini 1.png,Toni 비세토스 탑 지퍼 쇼퍼,White,Mini,FEMALE,토트백&쇼퍼백,TRUE,https://kr.mcmworldwide.com/ko_KR/%EC%97%AC%EC%84%B1/%ED%95%B8%EB%93%9C%EB%B0%B1/%EC%87%BC%ED%8D%BC-%ED%86%A0%ED%8A%B8%EB%B0%B1/toni-%EB%B9%84%EC%84%B8%ED%86%A0%EC%8A%A4-%ED%83%91-%EC%A7%80%ED%8D%BC-%EC%87%BC%ED%8D%BC/MWPGSMT024B001.html
Tracy 비세토스 숄더백_Cognac_S 1.png,Tracy 비세토스 숄더백,Cognac,S,FEMALE,숄더백&크로스백,TRUE,https://kr.mcmworldwide.com/ko_KR/%EC%97%AC%EC%84%B1/%ED%95%B8%EB%93%9C%EB%B0%B1/%EC%88%84%EB%8D%94%EB%B0%B1-%ED%81%AC%EB%A1%9C%EC%8A%A4%EB%B0%B1/tracy-%EB%B9%84%EC%84%B8%ED%86%A0%EC%8A%A4-%EC%88%84%EB%8D%94%EB%B0%B1/MWSGAXT03CO001.html
Tracy 비세토스 호보_Cognac_L 1.png,Tracy 비세토스 호보,Cognac,L,FEMALE,숄더백&크로스백,TRUE,https://kr.mcmworldwide.com/ko_KR/%EC%97%AC%EC%84%B1/%ED%95%B8%EB%93%9C%EB%B0%B1/%EC%88%84%EB%8D%94%EB%B0%B1-%ED%81%AC%EB%A1%9C%EC%8A%A4%EB%B0%B1/tracy-%EB%B9%84%EC%84%B8%ED%86%A0%EC%8A%A4-%ED%98%B8%EB%B3%B4/MWHGAXT03CO001.html
